timestamp,src_ip,url,type
2026-05-01 08:00:00.012044,192.168.1.14,twitter.com,DNS
2026-05-01 08:00:01.224282,192.168.1.14,apple.com,DNS
2026-05-01 08:00:01.747080,192.168.1.10,malicious-c2.xyz,DNS
2026-05-01 08:00:01.832869,192.168.1.14,stackoverflow.com,HTTP
2026-05-01 08:00:03.033347,192.168.1.10,apple.com,HTTP
2026-05-01 08:00:04.220304,192.168.1.15,facebook.com,DNS
2026-05-01 08:00:04.323249,192.168.1.10,apple.com,DNS
2026-05-01 08:00:05.541645,192.168.1.10,reddit.com,DNS
2026-05-01 08:00:05.836209,192.168.1.12,twitter.com,DNS
2026-05-01 08:00:06.010583,192.168.1.13,google.com,DNS
2026-05-01 08:00:06.123515,192.168.1.12,netflix.com,DNS
2026-05-01 08:00:06.739811,192.168.1.15,update.windows.com,HTTP
2026-05-01 08:00:07.534530,192.168.1.14,instagram.com,DNS
2026-05-01 08:00:08.540557,192.168.1.13,malicious-c2.xyz,DNS
2026-05-01 08:00:08.813232,192.168.1.10,apple.com,DNS
2026-05-01 08:00:09.429902,192.168.1.12,github.com,DNS
2026-05-01 08:00:09.645804,192.168.1.15,apple.com,DNS
2026-05-01 08:00:09.814411,192.168.1.12,facebook.com,DNS
2026-05-01 08:00:10.206071,192.168.1.11,facebook.com,HTTP
2026-05-01 08:00:10.327613,192.168.1.15,facebook.com,DNS
2026-05-01 08:00:11.125115,192.168.1.15,malicious-c2.xyz,HTTP
2026-05-01 08:00:12.926543,192.168.1.10,facebook.com,DNS
2026-05-01 08:00:13.903028,192.168.1.13,malicious-c2.xyz,DNS
2026-05-01 08:00:15.215626,192.168.1.13,instagram.com,DNS
2026-05-01 08:00:15.607737,192.168.1.15,netflix.com,DNS
2026-05-01 08:00:16.037306,192.168.1.11,facebook.com,DNS
2026-05-01 08:00:17.643212,192.168.1.15,apple.com,DNS
2026-05-01 08:00:19.438906,192.168.1.13,stackoverflow.com,DNS
2026-05-01 08:00:19.740835,192.168.1.11,github.com,HTTP
2026-05-01 08:00:21.237665,192.168.1.12,github.com,DNS
2026-05-01 08:00:21.717577,192.168.1.12,update.windows.com,DNS
2026-05-01 08:00:22.739685,192.168.1.14,cloudflare.com,DNS
2026-05-01 08:00:23.317301,192.168.1.14,facebook.com,HTTP
2026-05-01 08:00:23.508560,192.168.1.12,youtube.com,HTTP
2026-05-01 08:00:23.647427,192.168.1.14,cloudflare.com,HTTP
2026-05-01 08:00:23.814872,192.168.1.15,netflix.com,DNS
2026-05-01 08:00:23.930333,192.168.1.10,reddit.com,DNS
2026-05-01 08:00:24.240674,192.168.1.10,stackoverflow.com,DNS
2026-05-01 08:00:25.229686,192.168.1.14,twitter.com,DNS
2026-05-01 08:00:26.027314,192.168.1.13,facebook.com,DNS
2026-05-01 08:00:27.026758,192.168.1.12,apple.com,DNS
2026-05-01 08:00:27.139398,192.168.1.15,instagram.com,DNS
2026-05-01 08:00:28.238093,192.168.1.15,github.com,DNS
2026-05-01 08:00:28.628196,192.168.1.14,facebook.com,DNS
2026-05-01 08:00:28.827058,192.168.1.15,instagram.com,DNS
2026-05-01 08:00:29.248925,192.168.1.13,update.windows.com,HTTP
2026-05-01 08:00:30.637344,192.168.1.12,amazon.com,DNS
2026-05-01 08:00:30.738776,192.168.1.13,amazon.com,DNS
2026-05-01 08:00:31.336016,192.168.1.13,apple.com,DNS
2026-05-01 08:00:31.503398,192.168.1.15,google.com,HTTP
2026-05-01 08:00:31.726787,192.168.1.10,github.com,HTTP
2026-05-01 08:00:32.344740,192.168.1.10,apple.com,DNS
2026-05-01 08:00:34.348388,192.168.1.11,twitter.com,HTTP
2026-05-01 08:00:34.446603,192.168.1.11,apple.com,DNS
2026-05-01 08:00:34.908317,192.168.1.12,youtube.com,DNS
2026-05-01 08:00:35.542459,192.168.1.13,google.com,DNS
2026-05-01 08:00:35.939975,192.168.1.13,netflix.com,DNS
2026-05-01 08:00:36.514442,192.168.1.13,malicious-c2.xyz,HTTP
2026-05-01 08:00:36.606827,192.168.1.11,google.com,DNS
2026-05-01 08:00:37.547620,192.168.1.14,twitter.com,HTTP
2026-05-01 08:00:38.031742,192.168.1.13,apple.com,DNS
2026-05-01 08:00:38.621462,192.168.1.12,netflix.com,DNS
2026-05-01 08:00:39.313848,192.168.1.10,instagram.com,DNS
2026-05-01 08:00:39.537392,192.168.1.15,netflix.com,DNS
2026-05-01 08:00:39.829368,192.168.1.14,facebook.com,DNS
2026-05-01 08:00:40.408348,192.168.1.15,google.com,HTTP
2026-05-01 08:00:40.602772,192.168.1.10,stackoverflow.com,HTTP
2026-05-01 08:00:40.711420,192.168.1.14,apple.com,DNS
2026-05-01 08:00:41.500073,192.168.1.10,cloudflare.com,DNS
2026-05-01 08:00:42.547605,192.168.1.12,google.com,HTTP
2026-05-01 08:00:42.741184,192.168.1.11,apple.com,DNS
2026-05-01 08:00:43.817740,192.168.1.11,update.windows.com,DNS
2026-05-01 08:00:43.935173,192.168.1.11,stackoverflow.com,HTTP
2026-05-01 08:00:44.100996,192.168.1.11,youtube.com,HTTP
2026-05-01 08:00:44.709104,192.168.1.15,google.com,DNS
2026-05-01 08:00:45.017524,192.168.1.15,amazon.com,DNS
2026-05-01 08:00:45.208133,192.168.1.13,cloudflare.com,DNS
2026-05-01 08:00:45.435225,192.168.1.13,youtube.com,DNS
2026-05-01 08:00:45.810348,192.168.1.10,netflix.com,HTTP
2026-05-01 08:00:46.423813,192.168.1.14,cloudflare.com,DNS
2026-05-01 08:00:46.621169,192.168.1.13,amazon.com,DNS
2026-05-01 08:00:48.029344,192.168.1.10,stackoverflow.com,DNS
2026-05-01 08:00:48.933027,192.168.1.15,apple.com,DNS
2026-05-01 08:00:49.020230,192.168.1.15,reddit.com,DNS
2026-05-01 08:00:49.523188,192.168.1.11,apple.com,HTTP
2026-05-01 08:00:49.717133,192.168.1.13,cloudflare.com,DNS
2026-05-01 08:00:50.136533,192.168.1.13,google.com,DNS
2026-05-01 08:00:50.517963,192.168.1.14,malicious-c2.xyz,DNS
2026-05-01 08:00:50.611216,192.168.1.11,apple.com,DNS
2026-05-01 08:00:52.245561,192.168.1.11,google.com,DNS
2026-05-01 08:00:52.330568,192.168.1.13,reddit.com,HTTP
2026-05-01 08:00:52.403167,192.168.1.15,youtube.com,DNS
2026-05-01 08:00:53.635105,192.168.1.11,malicious-c2.xyz,DNS
2026-05-01 08:00:54.348180,192.168.1.13,update.windows.com,DNS
2026-05-01 08:00:54.949177,192.168.1.10,google.com,DNS
2026-05-01 08:00:55.246324,192.168.1.14,apple.com,DNS
2026-05-01 08:00:55.337183,192.168.1.13,apple.com,HTTP
2026-05-01 08:00:56.347945,192.168.1.15,reddit.com,DNS
2026-05-01 08:00:57.117885,192.168.1.15,stackoverflow.com,DNS
2026-05-01 08:00:57.306819,192.168.1.13,google.com,DNS
2026-05-01 08:00:57.526858,192.168.1.10,youtube.com,DNS
2026-05-01 08:00:57.645281,192.168.1.10,update.windows.com,DNS
2026-05-01 08:00:57.814533,192.168.1.11,apple.com,DNS
2026-05-01 08:00:57.906411,192.168.1.10,stackoverflow.com,DNS
2026-05-01 08:00:58.239283,192.168.1.12,instagram.com,HTTP
2026-05-01 08:00:58.536677,192.168.1.14,netflix.com,HTTP
2026-05-01 08:00:58.640632,192.168.1.15,google.com,DNS
2026-05-01 08:00:59.344078,192.168.1.15,twitter.com,DNS
2026-05-01 08:01:00.243925,192.168.1.11,netflix.com,HTTP
2026-05-01 08:01:00.641326,192.168.1.13,github.com,DNS
2026-05-01 08:01:01.029452,192.168.1.10,apple.com,DNS
2026-05-01 08:01:03.638212,192.168.1.10,malicious-c2.xyz,DNS
2026-05-01 08:01:03.811105,192.168.1.14,apple.com,DNS
2026-05-01 08:01:04.728107,192.168.1.15,apple.com,DNS
2026-05-01 08:01:06.708163,192.168.1.14,github.com,DNS
2026-05-01 08:01:07.248617,192.168.1.13,google.com,DNS
2026-05-01 08:01:07.434847,192.168.1.13,apple.com,DNS
2026-05-01 08:01:08.218570,192.168.1.11,google.com,HTTP
2026-05-01 08:01:09.500654,192.168.1.14,google.com,DNS
2026-05-01 08:01:10.127498,192.168.1.14,reddit.com,HTTP
2026-05-01 08:01:11.307660,192.168.1.14,github.com,HTTP
2026-05-01 08:01:11.527408,192.168.1.12,youtube.com,DNS
2026-05-01 08:01:12.234690,192.168.1.10,facebook.com,DNS
2026-05-01 08:01:12.434754,192.168.1.11,netflix.com,DNS
2026-05-01 08:01:13.247207,192.168.1.11,malicious-c2.xyz,DNS
2026-05-01 08:01:13.421323,192.168.1.13,malicious-c2.xyz,HTTP
2026-05-01 08:01:13.837280,192.168.1.11,instagram.com,DNS
2026-05-01 08:01:14.135601,192.168.1.10,reddit.com,DNS
2026-05-01 08:01:14.821978,192.168.1.10,malicious-c2.xyz,DNS
2026-05-01 08:01:14.923179,192.168.1.12,netflix.com,DNS
2026-05-01 08:01:15.318934,192.168.1.15,instagram.com,DNS
2026-05-01 08:01:15.536508,192.168.1.11,update.windows.com,HTTP
2026-05-01 08:01:17.132031,192.168.1.13,github.com,DNS
2026-05-01 08:01:18.446617,192.168.1.10,github.com,DNS
2026-05-01 08:01:18.501124,192.168.1.15,reddit.com,DNS
2026-05-01 08:01:19.204646,192.168.1.12,amazon.com,HTTP
2026-05-01 08:01:19.434981,192.168.1.11,netflix.com,DNS
2026-05-01 08:01:20.649514,192.168.1.15,malicious-c2.xyz,DNS
2026-05-01 08:01:21.723247,192.168.1.10,youtube.com,DNS
2026-05-01 08:01:22.232816,192.168.1.14,stackoverflow.com,DNS
2026-05-01 08:01:23.148088,192.168.1.13,reddit.com,DNS
2026-05-01 08:01:23.216748,192.168.1.15,github.com,HTTP
2026-05-01 08:01:23.433886,192.168.1.15,apple.com,DNS
2026-05-01 08:01:23.735404,192.168.1.10,stackoverflow.com,DNS
2026-05-01 08:01:23.844800,192.168.1.10,stackoverflow.com,HTTP
2026-05-01 08:01:24.728362,192.168.1.13,instagram.com,DNS
2026-05-01 08:01:24.908831,192.168.1.12,apple.com,DNS
2026-05-01 08:01:25.316964,192.168.1.14,cloudflare.com,DNS
2026-05-01 08:01:27.229635,192.168.1.10,youtube.com,HTTP
2026-05-01 08:01:27.610111,192.168.1.12,update.windows.com,HTTP
2026-05-01 08:01:27.942849,192.168.1.15,github.com,DNS
2026-05-01 08:01:28.036809,192.168.1.13,reddit.com,HTTP
2026-05-01 08:01:28.432382,192.168.1.10,amazon.com,HTTP
2026-05-01 08:01:28.944399,192.168.1.10,twitter.com,HTTP
2026-05-01 08:01:29.237659,192.168.1.12,reddit.com,DNS
2026-05-01 08:01:29.435491,192.168.1.10,github.com,DNS
2026-05-01 08:01:29.714658,192.168.1.12,facebook.com,DNS
2026-05-01 08:01:32.024705,192.168.1.13,cloudflare.com,DNS
2026-05-01 08:01:32.329053,192.168.1.15,youtube.com,HTTP
2026-05-01 08:01:33.205828,192.168.1.14,amazon.com,HTTP
2026-05-01 08:01:33.506267,192.168.1.10,facebook.com,DNS
2026-05-01 08:01:33.638735,192.168.1.11,apple.com,DNS
2026-05-01 08:01:34.025245,192.168.1.11,twitter.com,DNS
2026-05-01 08:01:34.309042,192.168.1.14,facebook.com,DNS
2026-05-01 08:01:35.922128,192.168.1.10,instagram.com,DNS
2026-05-01 08:01:36.517257,192.168.1.15,apple.com,HTTP
2026-05-01 08:01:37.726113,192.168.1.11,malicious-c2.xyz,HTTP
2026-05-01 08:01:38.740292,192.168.1.10,youtube.com,HTTP
2026-05-01 08:01:38.934981,192.168.1.12,stackoverflow.com,DNS
2026-05-01 08:01:39.725317,192.168.1.13,instagram.com,HTTP
2026-05-01 08:01:40.143675,192.168.1.15,instagram.com,DNS
2026-05-01 08:01:42.021821,192.168.1.11,reddit.com,DNS
2026-05-01 08:01:42.433845,192.168.1.10,instagram.com,DNS
2026-05-01 08:01:42.716246,192.168.1.12,google.com,DNS
2026-05-01 08:01:43.032358,192.168.1.13,facebook.com,DNS
2026-05-01 08:01:43.145187,192.168.1.15,apple.com,DNS
2026-05-01 08:01:43.224481,192.168.1.14,cloudflare.com,DNS
2026-05-01 08:01:43.448664,192.168.1.12,instagram.com,DNS
2026-05-01 08:01:43.642077,192.168.1.13,netflix.com,DNS
2026-05-01 08:01:44.110553,192.168.1.15,stackoverflow.com,DNS
2026-05-01 08:01:44.343439,192.168.1.10,malicious-c2.xyz,HTTP
2026-05-01 08:01:44.505596,192.168.1.15,facebook.com,DNS
2026-05-01 08:01:44.621789,192.168.1.10,reddit.com,DNS
2026-05-01 08:01:44.721094,192.168.1.15,apple.com,DNS
2026-05-01 08:01:45.917852,192.168.1.13,google.com,DNS
2026-05-01 08:01:46.139244,192.168.1.10,youtube.com,HTTP
2026-05-01 08:01:46.436417,192.168.1.10,youtube.com,DNS
2026-05-01 08:01:46.638461,192.168.1.12,cloudflare.com,DNS
2026-05-01 08:01:46.947187,192.168.1.11,reddit.com,DNS
2026-05-01 08:01:47.712067,192.168.1.12,apple.com,HTTP
2026-05-01 08:01:48.634724,192.168.1.13,reddit.com,DNS
2026-05-01 08:01:49.904232,192.168.1.14,apple.com,DNS
2026-05-01 08:01:50.407123,192.168.1.12,netflix.com,DNS
2026-05-01 08:01:51.441525,192.168.1.15,youtube.com,DNS
2026-05-01 08:01:51.617081,192.168.1.12,reddit.com,DNS
2026-05-01 08:01:52.240814,192.168.1.15,update.windows.com,DNS
2026-05-01 08:01:52.314038,192.168.1.15,amazon.com,DNS
2026-05-01 08:01:53.249513,192.168.1.12,amazon.com,HTTP
2026-05-01 08:01:53.628947,192.168.1.11,reddit.com,DNS
2026-05-01 08:01:54.507370,192.168.1.12,malicious-c2.xyz,DNS
2026-05-01 08:01:54.739263,192.168.1.14,twitter.com,DNS
2026-05-01 08:01:55.110266,192.168.1.11,cloudflare.com,DNS
2026-05-01 08:01:55.207120,192.168.1.11,twitter.com,DNS
2026-05-01 08:01:56.224929,192.168.1.15,instagram.com,DNS
2026-05-01 08:01:56.410360,192.168.1.13,malicious-c2.xyz,DNS
2026-05-01 08:01:57.116688,192.168.1.11,youtube.com,HTTP
2026-05-01 08:01:57.621440,192.168.1.14,twitter.com,DNS
2026-05-01 08:01:58.204662,192.168.1.13,stackoverflow.com,DNS
2026-05-01 08:01:58.309335,192.168.1.10,update.windows.com,DNS
2026-05-01 08:01:59.824238,192.168.1.12,twitter.com,DNS
2026-05-01 08:02:00.322199,192.168.1.10,malicious-c2.xyz,DNS
2026-05-01 08:02:00.511028,192.168.1.11,google.com,DNS
2026-05-01 08:02:00.932497,192.168.1.12,amazon.com,DNS
2026-05-01 08:02:01.049155,192.168.1.12,instagram.com,DNS
2026-05-01 08:02:01.325551,192.168.1.15,stackoverflow.com,DNS
2026-05-01 08:02:01.415442,192.168.1.15,stackoverflow.com,HTTP
2026-05-01 08:02:02.330293,192.168.1.13,facebook.com,HTTP
2026-05-01 08:02:02.712865,192.168.1.13,netflix.com,HTTP
2026-05-01 08:02:02.924573,192.168.1.11,amazon.com,DNS
2026-05-01 08:02:03.109711,192.168.1.14,youtube.com,DNS
2026-05-01 08:02:03.231749,192.168.1.13,update.windows.com,DNS
2026-05-01 08:02:03.301725,192.168.1.12,instagram.com,HTTP
2026-05-01 08:02:05.436714,192.168.1.10,reddit.com,DNS
2026-05-01 08:02:06.607371,192.168.1.14,netflix.com,DNS
2026-05-01 08:02:07.812250,192.168.1.15,facebook.com,DNS
2026-05-01 08:02:08.031617,192.168.1.13,cloudflare.com,DNS
2026-05-01 08:02:08.101151,192.168.1.13,youtube.com,DNS
2026-05-01 08:02:08.219198,192.168.1.14,update.windows.com,DNS
2026-05-01 08:02:11.045544,192.168.1.14,youtube.com,HTTP
2026-05-01 08:02:11.510873,192.168.1.10,netflix.com,DNS
2026-05-01 08:02:11.907782,192.168.1.10,instagram.com,DNS
2026-05-01 08:02:12.547884,192.168.1.13,cloudflare.com,DNS
2026-05-01 08:02:12.633916,192.168.1.10,google.com,DNS
2026-05-01 08:02:12.812473,192.168.1.13,stackoverflow.com,DNS
2026-05-01 08:02:13.011469,192.168.1.10,cloudflare.com,DNS
2026-05-01 08:02:13.130823,192.168.1.11,amazon.com,DNS
2026-05-01 08:02:13.444755,192.168.1.12,update.windows.com,DNS
2026-05-01 08:02:14.720042,192.168.1.14,reddit.com,DNS
2026-05-01 08:02:15.014592,192.168.1.12,amazon.com,DNS
2026-05-01 08:02:15.216228,192.168.1.11,malicious-c2.xyz,DNS
2026-05-01 08:02:15.349263,192.168.1.15,instagram.com,DNS
2026-05-01 08:02:16.212417,192.168.1.10,cloudflare.com,DNS
2026-05-01 08:02:16.607092,192.168.1.10,github.com,DNS
2026-05-01 08:02:16.711294,192.168.1.11,facebook.com,DNS
2026-05-01 08:02:17.449739,192.168.1.10,netflix.com,DNS
2026-05-01 08:02:17.800143,192.168.1.14,stackoverflow.com,HTTP
2026-05-01 08:02:18.223841,192.168.1.10,youtube.com,DNS
2026-05-01 08:02:19.748693,192.168.1.12,amazon.com,HTTP
2026-05-01 08:02:20.211956,192.168.1.11,cloudflare.com,DNS
2026-05-01 08:02:20.742950,192.168.1.13,stackoverflow.com,DNS
2026-05-01 08:02:22.513140,192.168.1.13,cloudflare.com,HTTP
2026-05-01 08:02:22.601824,192.168.1.15,cloudflare.com,HTTP
2026-05-01 08:02:23.046317,192.168.1.12,github.com,HTTP
2026-05-01 08:02:23.119078,192.168.1.13,stackoverflow.com,DNS
2026-05-01 08:02:23.509778,192.168.1.13,apple.com,HTTP
2026-05-01 08:02:24.041427,192.168.1.13,amazon.com,DNS
2026-05-01 08:02:24.514846,192.168.1.10,reddit.com,HTTP
2026-05-01 08:02:24.947961,192.168.1.11,reddit.com,HTTP
2026-05-01 08:02:25.124196,192.168.1.11,facebook.com,HTTP
2026-05-01 08:02:25.436387,192.168.1.12,twitter.com,DNS
2026-05-01 08:02:26.014674,192.168.1.15,google.com,DNS
2026-05-01 08:02:26.426363,192.168.1.14,youtube.com,DNS
2026-05-01 08:02:27.302392,192.168.1.15,stackoverflow.com,DNS
2026-05-01 08:02:27.706314,192.168.1.13,facebook.com,DNS
2026-05-01 08:02:29.009472,192.168.1.12,instagram.com,DNS
2026-05-01 08:02:29.134058,192.168.1.11,github.com,HTTP
2026-05-01 08:02:29.319595,192.168.1.14,youtube.com,DNS
2026-05-01 08:02:29.439286,192.168.1.10,cloudflare.com,HTTP
2026-05-01 08:02:30.140195,192.168.1.14,apple.com,DNS
2026-05-01 08:02:30.212677,192.168.1.12,update.windows.com,HTTP
2026-05-01 08:02:31.733946,192.168.1.10,netflix.com,DNS
2026-05-01 08:02:32.404233,192.168.1.13,reddit.com,DNS
2026-05-01 08:02:32.534530,192.168.1.12,stackoverflow.com,HTTP
2026-05-01 08:02:32.715045,192.168.1.14,reddit.com,DNS
2026-05-01 08:02:33.049135,192.168.1.10,youtube.com,DNS
2026-05-01 08:02:34.546178,192.168.1.15,apple.com,HTTP
2026-05-01 08:02:34.609786,192.168.1.12,facebook.com,DNS
2026-05-01 08:02:36.549547,192.168.1.14,apple.com,DNS
2026-05-01 08:02:36.614130,192.168.1.10,google.com,DNS
2026-05-01 08:02:36.723935,192.168.1.12,amazon.com,DNS
2026-05-01 08:02:37.441359,192.168.1.10,netflix.com,DNS
2026-05-01 08:02:37.519233,192.168.1.10,cloudflare.com,HTTP
2026-05-01 08:02:38.139979,192.168.1.13,amazon.com,DNS
2026-05-01 08:02:38.201930,192.168.1.12,apple.com,HTTP
2026-05-01 08:02:38.707345,192.168.1.12,facebook.com,DNS
2026-05-01 08:02:38.828995,192.168.1.14,youtube.com,HTTP
2026-05-01 08:02:39.726948,192.168.1.11,malicious-c2.xyz,DNS
2026-05-01 08:02:40.139315,192.168.1.14,reddit.com,DNS
2026-05-01 08:02:40.444994,192.168.1.10,facebook.com,DNS
2026-05-01 08:02:40.606619,192.168.1.11,instagram.com,HTTP
2026-05-01 08:02:41.007613,192.168.1.13,facebook.com,DNS
2026-05-01 08:02:41.121929,192.168.1.10,malicious-c2.xyz,DNS
2026-05-01 08:02:41.217056,192.168.1.14,youtube.com,DNS
2026-05-01 08:02:42.216356,192.168.1.12,youtube.com,DNS
2026-05-01 08:02:42.321669,192.168.1.14,reddit.com,HTTP
2026-05-01 08:02:42.447459,192.168.1.15,github.com,DNS
2026-05-01 08:02:42.631739,192.168.1.11,reddit.com,DNS
2026-05-01 08:02:42.943894,192.168.1.15,reddit.com,DNS
2026-05-01 08:02:43.234848,192.168.1.15,twitter.com,DNS
2026-05-01 08:02:44.014509,192.168.1.14,facebook.com,DNS
2026-05-01 08:02:44.202114,192.168.1.10,github.com,HTTP
2026-05-01 08:02:44.814562,192.168.1.13,malicious-c2.xyz,DNS
2026-05-01 08:02:45.047573,192.168.1.15,google.com,DNS
2026-05-01 08:02:45.402947,192.168.1.10,reddit.com,DNS
2026-05-01 08:02:45.534450,192.168.1.13,twitter.com,DNS
2026-05-01 08:02:46.006993,192.168.1.10,facebook.com,DNS
2026-05-01 08:02:46.629723,192.168.1.11,youtube.com,DNS
2026-05-01 08:02:46.818364,192.168.1.12,instagram.com,DNS
2026-05-01 08:02:46.905149,192.168.1.13,malicious-c2.xyz,DNS
2026-05-01 08:02:47.148333,192.168.1.14,cloudflare.com,DNS
2026-05-01 08:02:47.433242,192.168.1.10,google.com,HTTP
2026-05-01 08:02:47.647768,192.168.1.13,netflix.com,HTTP
2026-05-01 08:02:47.919123,192.168.1.12,update.windows.com,DNS
2026-05-01 08:02:48.213709,192.168.1.10,google.com,DNS
2026-05-01 08:02:48.930426,192.168.1.14,facebook.com,DNS
2026-05-01 08:02:49.415524,192.168.1.15,malicious-c2.xyz,DNS
2026-05-01 08:02:49.541764,192.168.1.13,stackoverflow.com,DNS
2026-05-01 08:02:49.604621,192.168.1.12,netflix.com,DNS
2026-05-01 08:02:50.012911,192.168.1.14,netflix.com,DNS
2026-05-01 08:02:50.123760,192.168.1.13,github.com,DNS
2026-05-01 08:02:50.536548,192.168.1.10,stackoverflow.com,DNS
2026-05-01 08:02:51.008267,192.168.1.10,facebook.com,DNS
2026-05-01 08:02:51.200247,192.168.1.11,facebook.com,DNS
2026-05-01 08:02:51.730528,192.168.1.14,twitter.com,DNS
2026-05-01 08:02:51.915555,192.168.1.13,instagram.com,HTTP
2026-05-01 08:02:52.914662,192.168.1.12,cloudflare.com,HTTP
2026-05-01 08:02:53.106303,192.168.1.10,instagram.com,HTTP
2026-05-01 08:02:53.307338,192.168.1.15,youtube.com,DNS
2026-05-01 08:02:54.011241,192.168.1.12,malicious-c2.xyz,DNS
2026-05-01 08:02:55.125115,192.168.1.14,apple.com,HTTP
2026-05-01 08:02:55.529978,192.168.1.13,amazon.com,DNS
2026-05-01 08:02:57.035690,192.168.1.11,google.com,HTTP
2026-05-01 08:02:57.201400,192.168.1.11,cloudflare.com,DNS
2026-05-01 08:02:57.323849,192.168.1.11,google.com,DNS
2026-05-01 08:02:57.533437,192.168.1.13,facebook.com,DNS
2026-05-01 08:02:58.529915,192.168.1.10,youtube.com,DNS
2026-05-01 08:02:59.015960,192.168.1.14,apple.com,DNS
2026-05-01 08:02:59.210661,192.168.1.10,malicious-c2.xyz,HTTP
2026-05-01 08:02:59.848749,192.168.1.13,google.com,DNS
2026-05-01 08:03:00.627834,192.168.1.14,amazon.com,HTTP
2026-05-01 08:03:01.938650,192.168.1.14,cloudflare.com,DNS
2026-05-01 08:03:02.322198,192.168.1.10,reddit.com,DNS
2026-05-01 08:03:02.818020,192.168.1.13,instagram.com,DNS
2026-05-01 08:03:03.947845,192.168.1.15,netflix.com,DNS
2026-05-01 08:03:04.216431,192.168.1.14,amazon.com,HTTP
2026-05-01 08:03:04.431594,192.168.1.12,cloudflare.com,DNS
2026-05-01 08:03:04.516127,192.168.1.11,google.com,DNS
2026-05-01 08:03:05.627041,192.168.1.15,stackoverflow.com,DNS
2026-05-01 08:03:06.024047,192.168.1.15,google.com,DNS
2026-05-01 08:03:06.507684,192.168.1.14,netflix.com,DNS
2026-05-01 08:03:06.631345,192.168.1.15,google.com,DNS
2026-05-01 08:03:06.943258,192.168.1.15,instagram.com,DNS
2026-05-01 08:03:07.049154,192.168.1.12,netflix.com,HTTP
2026-05-01 08:03:07.111069,192.168.1.10,reddit.com,DNS
2026-05-01 08:03:07.417365,192.168.1.10,stackoverflow.com,HTTP
2026-05-01 08:03:07.717619,192.168.1.13,netflix.com,DNS
2026-05-01 08:03:08.801318,192.168.1.11,github.com,DNS
2026-05-01 08:03:08.900621,192.168.1.11,reddit.com,DNS
2026-05-01 08:03:09.627950,192.168.1.13,facebook.com,DNS
2026-05-01 08:03:09.703271,192.168.1.10,facebook.com,DNS
2026-05-01 08:03:10.130693,192.168.1.14,apple.com,HTTP
2026-05-01 08:03:10.909424,192.168.1.12,stackoverflow.com,DNS
2026-05-01 08:03:11.617916,192.168.1.12,reddit.com,DNS
2026-05-01 08:03:11.814128,192.168.1.14,instagram.com,DNS
2026-05-01 08:03:12.030483,192.168.1.13,google.com,HTTP
2026-05-01 08:03:13.609224,192.168.1.14,youtube.com,DNS
2026-05-01 08:03:14.822711,192.168.1.14,malicious-c2.xyz,DNS
2026-05-01 08:03:15.732983,192.168.1.14,amazon.com,HTTP
2026-05-01 08:03:16.246578,192.168.1.10,google.com,HTTP
2026-05-01 08:03:16.526615,192.168.1.10,facebook.com,DNS
2026-05-01 08:03:16.829309,192.168.1.10,instagram.com,DNS
2026-05-01 08:03:17.148079,192.168.1.14,facebook.com,DNS
2026-05-01 08:03:17.349102,192.168.1.14,twitter.com,HTTP
2026-05-01 08:03:17.615136,192.168.1.12,stackoverflow.com,DNS
2026-05-01 08:03:18.040538,192.168.1.13,twitter.com,DNS
2026-05-01 08:03:19.843668,192.168.1.13,apple.com,DNS
2026-05-01 08:03:20.221643,192.168.1.12,amazon.com,HTTP
2026-05-01 08:03:20.534203,192.168.1.13,malicious-c2.xyz,DNS
2026-05-01 08:03:21.203346,192.168.1.11,reddit.com,DNS
2026-05-01 08:03:21.713049,192.168.1.14,instagram.com,DNS
2026-05-01 08:03:22.118441,192.168.1.14,youtube.com,DNS
2026-05-01 08:03:22.548616,192.168.1.11,update.windows.com,DNS
2026-05-01 08:03:22.626234,192.168.1.12,youtube.com,DNS
2026-05-01 08:03:23.307613,192.168.1.10,cloudflare.com,DNS
2026-05-01 08:03:23.441741,192.168.1.10,twitter.com,DNS
2026-05-01 08:03:23.741646,192.168.1.10,update.windows.com,DNS
2026-05-01 08:03:25.314326,192.168.1.13,apple.com,DNS
2026-05-01 08:03:26.112736,192.168.1.13,github.com,DNS
2026-05-01 08:03:26.216274,192.168.1.14,update.windows.com,DNS
2026-05-01 08:03:26.741383,192.168.1.11,google.com,HTTP
2026-05-01 08:03:26.800528,192.168.1.15,youtube.com,DNS
2026-05-01 08:03:27.121135,192.168.1.12,cloudflare.com,DNS
2026-05-01 08:03:27.504748,192.168.1.12,reddit.com,DNS
2026-05-01 08:03:28.320931,192.168.1.12,update.windows.com,DNS
2026-05-01 08:03:28.627868,192.168.1.11,amazon.com,DNS
2026-05-01 08:03:29.519539,192.168.1.10,amazon.com,DNS
2026-05-01 08:03:29.632302,192.168.1.14,reddit.com,DNS
2026-05-01 08:03:30.123466,192.168.1.15,malicious-c2.xyz,DNS
2026-05-01 08:03:30.413926,192.168.1.12,netflix.com,DNS
2026-05-01 08:03:30.819582,192.168.1.15,apple.com,DNS
2026-05-01 08:03:31.223818,192.168.1.13,instagram.com,DNS
2026-05-01 08:03:31.847724,192.168.1.14,facebook.com,DNS
2026-05-01 08:03:32.005369,192.168.1.13,facebook.com,DNS
2026-05-01 08:03:32.111609,192.168.1.11,stackoverflow.com,DNS
2026-05-01 08:03:32.201151,192.168.1.10,facebook.com,DNS
2026-05-01 08:03:32.510896,192.168.1.15,cloudflare.com,HTTP
2026-05-01 08:03:35.309674,192.168.1.14,google.com,HTTP
2026-05-01 08:03:35.539926,192.168.1.14,google.com,DNS
2026-05-01 08:03:36.015146,192.168.1.11,instagram.com,DNS
2026-05-01 08:03:36.303998,192.168.1.10,facebook.com,DNS
2026-05-01 08:03:36.540309,192.168.1.14,github.com,DNS
2026-05-01 08:03:37.849409,192.168.1.10,netflix.com,HTTP
2026-05-01 08:03:38.803303,192.168.1.11,facebook.com,DNS
2026-05-01 08:03:39.124345,192.168.1.14,facebook.com,DNS
2026-05-01 08:03:39.602226,192.168.1.15,stackoverflow.com,DNS
2026-05-01 08:03:40.047600,192.168.1.14,github.com,DNS
2026-05-01 08:03:40.224832,192.168.1.14,update.windows.com,DNS
2026-05-01 08:03:40.403984,192.168.1.12,malicious-c2.xyz,HTTP
2026-05-01 08:03:41.644999,192.168.1.13,twitter.com,DNS
2026-05-01 08:03:41.927679,192.168.1.14,stackoverflow.com,DNS
2026-05-01 08:03:42.015603,192.168.1.14,google.com,DNS
2026-05-01 08:03:42.203756,192.168.1.13,instagram.com,DNS
2026-05-01 08:03:42.404758,192.168.1.10,stackoverflow.com,DNS
2026-05-01 08:03:42.511576,192.168.1.12,facebook.com,DNS
2026-05-01 08:03:42.805341,192.168.1.12,youtube.com,DNS
2026-05-01 08:03:44.615160,192.168.1.10,youtube.com,DNS
2026-05-01 08:03:45.228398,192.168.1.14,twitter.com,DNS
2026-05-01 08:03:45.720618,192.168.1.10,instagram.com,DNS
2026-05-01 08:03:45.811037,192.168.1.15,github.com,DNS
2026-05-01 08:03:46.533365,192.168.1.13,update.windows.com,DNS
2026-05-01 08:03:46.841737,192.168.1.11,update.windows.com,DNS
2026-05-01 08:03:47.330314,192.168.1.13,cloudflare.com,HTTP
2026-05-01 08:03:48.031242,192.168.1.11,update.windows.com,DNS
2026-05-01 08:03:48.439182,192.168.1.15,youtube.com,HTTP
2026-05-01 08:03:48.613040,192.168.1.12,github.com,DNS
2026-05-01 08:03:49.430905,192.168.1.10,stackoverflow.com,DNS
2026-05-01 08:03:49.936299,192.168.1.11,update.windows.com,DNS
2026-05-01 08:03:50.007930,192.168.1.14,update.windows.com,DNS
2026-05-01 08:03:50.207834,192.168.1.12,google.com,DNS
2026-05-01 08:03:50.336056,192.168.1.12,cloudflare.com,HTTP
2026-05-01 08:03:52.309735,192.168.1.14,cloudflare.com,HTTP
2026-05-01 08:03:52.638901,192.168.1.15,instagram.com,DNS
2026-05-01 08:03:52.940909,192.168.1.10,instagram.com,DNS
2026-05-01 08:03:54.844863,192.168.1.14,apple.com,DNS
2026-05-01 08:03:55.645367,192.168.1.11,github.com,DNS
2026-05-01 08:03:56.329816,192.168.1.13,cloudflare.com,DNS
2026-05-01 08:03:56.842477,192.168.1.13,youtube.com,DNS
2026-05-01 08:03:57.103717,192.168.1.14,youtube.com,DNS
2026-05-01 08:03:57.348654,192.168.1.11,cloudflare.com,DNS
2026-05-01 08:03:59.319525,192.168.1.13,facebook.com,HTTP
2026-05-01 08:03:59.519224,192.168.1.10,malicious-c2.xyz,DNS
2026-05-01 08:04:01.213457,192.168.1.14,github.com,DNS
2026-05-01 08:04:01.942235,192.168.1.14,netflix.com,DNS
2026-05-01 08:04:03.135968,192.168.1.14,reddit.com,HTTP
2026-05-01 08:04:03.336852,192.168.1.12,github.com,DNS
2026-05-01 08:04:03.907122,192.168.1.12,cloudflare.com,DNS
2026-05-01 08:04:04.308627,192.168.1.15,stackoverflow.com,HTTP
2026-05-01 08:04:05.000134,192.168.1.14,youtube.com,DNS
2026-05-01 08:04:05.710100,192.168.1.12,instagram.com,DNS
2026-05-01 08:04:06.145583,192.168.1.13,github.com,DNS
2026-05-01 08:04:06.402675,192.168.1.11,malicious-c2.xyz,HTTP
2026-05-01 08:04:06.502093,192.168.1.14,instagram.com,DNS
2026-05-01 08:04:07.118779,192.168.1.10,twitter.com,HTTP
2026-05-01 08:04:07.341175,192.168.1.10,amazon.com,HTTP
2026-05-01 08:04:07.446758,192.168.1.10,facebook.com,DNS
2026-05-01 08:04:07.649505,192.168.1.10,update.windows.com,DNS
2026-05-01 08:04:07.713897,192.168.1.10,twitter.com,HTTP
2026-05-01 08:04:08.538458,192.168.1.12,google.com,HTTP
2026-05-01 08:04:08.725814,192.168.1.10,netflix.com,HTTP
2026-05-01 08:04:09.035631,192.168.1.11,youtube.com,DNS
2026-05-01 08:04:09.124602,192.168.1.12,google.com,HTTP
2026-05-01 08:04:09.721278,192.168.1.15,google.com,HTTP
2026-05-01 08:04:10.849784,192.168.1.15,netflix.com,DNS
2026-05-01 08:04:12.133229,192.168.1.14,update.windows.com,HTTP
2026-05-01 08:04:12.239506,192.168.1.10,amazon.com,DNS
2026-05-01 08:04:12.438952,192.168.1.12,amazon.com,HTTP
2026-05-01 08:04:13.026635,192.168.1.11,stackoverflow.com,HTTP
2026-05-01 08:04:13.204459,192.168.1.11,stackoverflow.com,HTTP
2026-05-01 08:04:13.349929,192.168.1.10,apple.com,DNS
2026-05-01 08:04:13.935010,192.168.1.13,update.windows.com,DNS
2026-05-01 08:04:14.705669,192.168.1.15,instagram.com,DNS
2026-05-01 08:04:15.315737,192.168.1.13,netflix.com,DNS
2026-05-01 08:04:16.349582,192.168.1.14,github.com,DNS
2026-05-01 08:04:16.906170,192.168.1.15,github.com,DNS
2026-05-01 08:04:17.813338,192.168.1.15,apple.com,DNS
2026-05-01 08:04:17.925735,192.168.1.11,netflix.com,DNS
2026-05-01 08:04:18.121375,192.168.1.12,malicious-c2.xyz,DNS
2026-05-01 08:04:18.312046,192.168.1.14,github.com,DNS
2026-05-01 08:04:18.641876,192.168.1.15,twitter.com,DNS
2026-05-01 08:04:19.207285,192.168.1.14,stackoverflow.com,DNS
2026-05-01 08:04:19.445502,192.168.1.15,reddit.com,HTTP
2026-05-01 08:04:20.200977,192.168.1.12,instagram.com,DNS
2026-05-01 08:04:20.839246,192.168.1.15,facebook.com,DNS
2026-05-01 08:04:20.923624,192.168.1.14,github.com,DNS
2026-05-01 08:04:21.348889,192.168.1.12,malicious-c2.xyz,HTTP
2026-05-01 08:04:21.936050,192.168.1.14,youtube.com,DNS
2026-05-01 08:04:22.425155,192.168.1.10,facebook.com,DNS
2026-05-01 08:04:22.504448,192.168.1.14,apple.com,DNS
2026-05-01 08:04:24.419674,192.168.1.14,reddit.com,DNS
2026-05-01 08:04:24.528229,192.168.1.13,twitter.com,DNS
2026-05-01 08:04:25.345325,192.168.1.15,twitter.com,HTTP
2026-05-01 08:04:25.414126,192.168.1.12,stackoverflow.com,DNS
2026-05-01 08:04:25.546538,192.168.1.13,amazon.com,DNS
2026-05-01 08:04:25.903220,192.168.1.11,amazon.com,HTTP
2026-05-01 08:04:26.044025,192.168.1.14,stackoverflow.com,HTTP
2026-05-01 08:04:26.202966,192.168.1.15,twitter.com,DNS
2026-05-01 08:04:26.402204,192.168.1.13,instagram.com,DNS
2026-05-01 08:04:26.535833,192.168.1.15,github.com,HTTP
2026-05-01 08:04:26.643094,192.168.1.11,netflix.com,DNS
2026-05-01 08:04:27.212214,192.168.1.15,google.com,HTTP
2026-05-01 08:04:27.307573,192.168.1.15,github.com,DNS
2026-05-01 08:04:27.823097,192.168.1.15,github.com,DNS
2026-05-01 08:04:28.225157,192.168.1.13,youtube.com,DNS
2026-05-01 08:04:28.849771,192.168.1.12,cloudflare.com,DNS
2026-05-01 08:04:28.927560,192.168.1.11,facebook.com,DNS
2026-05-01 08:04:29.248697,192.168.1.15,github.com,DNS
2026-05-01 08:04:29.625167,192.168.1.11,amazon.com,DNS
2026-05-01 08:04:31.247457,192.168.1.11,github.com,DNS
2026-05-01 08:04:32.245297,192.168.1.15,apple.com,DNS
2026-05-01 08:04:32.606835,192.168.1.13,amazon.com,DNS
2026-05-01 08:04:33.534575,192.168.1.15,amazon.com,DNS
2026-05-01 08:04:33.901818,192.168.1.13,twitter.com,DNS
2026-05-01 08:04:34.226454,192.168.1.12,apple.com,DNS
2026-05-01 08:04:35.335304,192.168.1.10,cloudflare.com,DNS
2026-05-01 08:04:36.713581,192.168.1.12,malicious-c2.xyz,DNS
2026-05-01 08:04:37.321318,192.168.1.14,google.com,HTTP
2026-05-01 08:04:37.432602,192.168.1.13,apple.com,DNS
2026-05-01 08:04:37.802284,192.168.1.14,twitter.com,HTTP
2026-05-01 08:04:37.913614,192.168.1.10,google.com,DNS
2026-05-01 08:04:38.000060,192.168.1.12,netflix.com,DNS
2026-05-01 08:04:38.124821,192.168.1.13,netflix.com,DNS
2026-05-01 08:04:38.735951,192.168.1.15,google.com,DNS
2026-05-01 08:04:38.833721,192.168.1.11,github.com,DNS
2026-05-01 08:04:39.143733,192.168.1.12,netflix.com,DNS
2026-05-01 08:04:39.703060,192.168.1.11,apple.com,DNS
2026-05-01 08:04:40.128329,192.168.1.12,instagram.com,DNS
2026-05-01 08:04:41.349677,192.168.1.13,netflix.com,HTTP
2026-05-01 08:04:41.519542,192.168.1.12,github.com,DNS
2026-05-01 08:04:41.606674,192.168.1.11,cloudflare.com,DNS
2026-05-01 08:04:43.228670,192.168.1.15,amazon.com,DNS
2026-05-01 08:04:44.609249,192.168.1.15,stackoverflow.com,HTTP
2026-05-01 08:04:44.801389,192.168.1.10,github.com,HTTP
2026-05-01 08:04:47.809494,192.168.1.13,netflix.com,DNS
2026-05-01 08:04:48.342815,192.168.1.15,google.com,DNS
2026-05-01 08:04:49.833144,192.168.1.12,netflix.com,DNS
2026-05-01 08:04:50.216494,192.168.1.10,github.com,DNS
2026-05-01 08:04:50.632252,192.168.1.12,youtube.com,DNS
2026-05-01 08:04:50.741273,192.168.1.10,github.com,DNS
2026-05-01 08:04:50.845699,192.168.1.14,google.com,DNS
2026-05-01 08:04:51.013569,192.168.1.15,update.windows.com,DNS
2026-05-01 08:04:52.047325,192.168.1.11,amazon.com,DNS
2026-05-01 08:04:52.612916,192.168.1.10,malicious-c2.xyz,HTTP
2026-05-01 08:04:53.520430,192.168.1.15,facebook.com,HTTP
2026-05-01 08:04:53.743468,192.168.1.14,reddit.com,DNS
2026-05-01 08:04:54.413847,192.168.1.13,facebook.com,DNS
2026-05-01 08:04:54.647272,192.168.1.12,stackoverflow.com,DNS
2026-05-01 08:04:54.900719,192.168.1.12,stackoverflow.com,DNS
2026-05-01 08:04:55.242446,192.168.1.15,github.com,DNS
2026-05-01 08:04:55.709758,192.168.1.14,update.windows.com,DNS
2026-05-01 08:04:55.915369,192.168.1.10,github.com,DNS
2026-05-01 08:04:56.210329,192.168.1.12,facebook.com,HTTP
2026-05-01 08:04:56.318956,192.168.1.10,apple.com,DNS
2026-05-01 08:04:56.428417,192.168.1.13,amazon.com,DNS
2026-05-01 08:04:56.728405,192.168.1.11,instagram.com,DNS
2026-05-01 08:04:57.326771,192.168.1.10,reddit.com,HTTP
2026-05-01 08:04:57.507135,192.168.1.15,reddit.com,DNS
2026-05-01 08:04:57.631688,192.168.1.13,cloudflare.com,DNS
2026-05-01 08:04:57.813006,192.168.1.10,google.com,DNS
2026-05-01 08:04:58.427419,192.168.1.11,youtube.com,DNS
2026-05-01 08:04:58.846191,192.168.1.11,twitter.com,DNS
2026-05-01 08:04:59.235729,192.168.1.12,youtube.com,DNS
2026-05-01 08:04:59.701772,192.168.1.15,instagram.com,HTTP
2026-05-01 08:05:00.544230,192.168.1.10,stackoverflow.com,DNS
2026-05-01 08:05:01.505597,192.168.1.10,cloudflare.com,DNS
2026-05-01 08:05:01.945393,192.168.1.13,amazon.com,DNS
2026-05-01 08:05:02.124535,192.168.1.15,stackoverflow.com,DNS
2026-05-01 08:05:02.812433,192.168.1.11,google.com,DNS
2026-05-01 08:05:03.803421,192.168.1.14,amazon.com,DNS
2026-05-01 08:05:04.246033,192.168.1.15,apple.com,DNS
2026-05-01 08:05:04.434441,192.168.1.13,github.com,DNS
2026-05-01 08:05:04.649625,192.168.1.11,netflix.com,DNS
2026-05-01 08:05:06.647374,192.168.1.11,instagram.com,DNS
2026-05-01 08:05:07.011675,192.168.1.14,reddit.com,DNS
2026-05-01 08:05:07.404113,192.168.1.11,twitter.com,DNS
2026-05-01 08:05:07.502548,192.168.1.15,cloudflare.com,HTTP
2026-05-01 08:05:07.635676,192.168.1.14,amazon.com,DNS
2026-05-01 08:05:07.804009,192.168.1.15,github.com,DNS
2026-05-01 08:05:08.303852,192.168.1.15,cloudflare.com,DNS
2026-05-01 08:05:08.446131,192.168.1.13,facebook.com,DNS
2026-05-01 08:05:09.248200,192.168.1.15,amazon.com,DNS
2026-05-01 08:05:09.702321,192.168.1.13,google.com,DNS
2026-05-01 08:05:09.835141,192.168.1.15,apple.com,DNS
2026-05-01 08:05:10.706699,192.168.1.10,reddit.com,DNS
2026-05-01 08:05:11.834160,192.168.1.13,google.com,DNS
2026-05-01 08:05:12.044656,192.168.1.13,twitter.com,DNS
2026-05-01 08:05:12.139867,192.168.1.13,google.com,DNS
2026-05-01 08:05:12.421453,192.168.1.14,amazon.com,HTTP
2026-05-01 08:05:12.822772,192.168.1.14,reddit.com,DNS
2026-05-01 08:05:13.620003,192.168.1.10,apple.com,DNS
2026-05-01 08:05:14.037072,192.168.1.13,amazon.com,HTTP
2026-05-01 08:05:14.527648,192.168.1.13,instagram.com,HTTP
2026-05-01 08:05:14.827282,192.168.1.13,cloudflare.com,DNS
2026-05-01 08:05:16.048349,192.168.1.14,google.com,DNS
2026-05-01 08:05:16.228318,192.168.1.10,apple.com,DNS
2026-05-01 08:05:16.834554,192.168.1.11,update.windows.com,DNS
2026-05-01 08:05:18.720495,192.168.1.14,update.windows.com,DNS
2026-05-01 08:05:18.821515,192.168.1.10,twitter.com,DNS
2026-05-01 08:05:19.220994,192.168.1.10,instagram.com,DNS
2026-05-01 08:05:19.528622,192.168.1.11,github.com,DNS
2026-05-01 08:05:20.023493,192.168.1.12,amazon.com,DNS
2026-05-01 08:05:20.300989,192.168.1.13,twitter.com,DNS
2026-05-01 08:05:20.708275,192.168.1.11,netflix.com,DNS
2026-05-01 08:05:21.136306,192.168.1.12,netflix.com,DNS
2026-05-01 08:05:21.223848,192.168.1.11,google.com,DNS
2026-05-01 08:05:21.402561,192.168.1.12,github.com,HTTP
2026-05-01 08:05:21.740824,192.168.1.10,update.windows.com,DNS
2026-05-01 08:05:21.902050,192.168.1.15,google.com,DNS
2026-05-01 08:05:22.619361,192.168.1.14,apple.com,DNS
2026-05-01 08:05:23.038250,192.168.1.11,netflix.com,DNS
2026-05-01 08:05:23.338337,192.168.1.15,apple.com,DNS
2026-05-01 08:05:25.221149,192.168.1.11,youtube.com,DNS
2026-05-01 08:05:26.405943,192.168.1.12,instagram.com,DNS
2026-05-01 08:05:26.546954,192.168.1.15,amazon.com,DNS
2026-05-01 08:05:26.619058,192.168.1.13,facebook.com,DNS
2026-05-01 08:05:27.406071,192.168.1.13,apple.com,DNS
2026-05-01 08:05:27.504782,192.168.1.12,cloudflare.com,DNS
2026-05-01 08:05:27.847829,192.168.1.15,cloudflare.com,DNS
2026-05-01 08:05:27.915026,192.168.1.12,google.com,HTTP
2026-05-01 08:05:28.214843,192.168.1.15,apple.com,DNS
2026-05-01 08:05:28.430432,192.168.1.11,stackoverflow.com,DNS
2026-05-01 08:05:28.807647,192.168.1.13,instagram.com,DNS
2026-05-01 08:05:29.638987,192.168.1.11,netflix.com,DNS
2026-05-01 08:05:29.904491,192.168.1.14,google.com,DNS
2026-05-01 08:05:30.845767,192.168.1.13,update.windows.com,DNS
2026-05-01 08:05:31.004527,192.168.1.14,twitter.com,DNS
2026-05-01 08:05:31.604812,192.168.1.10,malicious-c2.xyz,HTTP
2026-05-01 08:05:32.349890,192.168.1.14,netflix.com,DNS
2026-05-01 08:05:32.719790,192.168.1.10,instagram.com,DNS
2026-05-01 08:05:33.302150,192.168.1.10,instagram.com,DNS
2026-05-01 08:05:33.412889,192.168.1.13,reddit.com,DNS
2026-05-01 08:05:33.606218,192.168.1.14,netflix.com,HTTP
2026-05-01 08:05:33.726470,192.168.1.10,stackoverflow.com,DNS
2026-05-01 08:05:34.303393,192.168.1.10,youtube.com,DNS
2026-05-01 08:05:36.130232,192.168.1.11,amazon.com,DNS
2026-05-01 08:05:36.240994,192.168.1.14,apple.com,DNS
2026-05-01 08:05:36.510672,192.168.1.11,cloudflare.com,DNS
2026-05-01 08:05:37.031509,192.168.1.10,stackoverflow.com,DNS
2026-05-01 08:05:37.106614,192.168.1.10,update.windows.com,DNS
2026-05-01 08:05:37.637428,192.168.1.14,youtube.com,DNS
2026-05-01 08:05:37.906378,192.168.1.15,apple.com,DNS
2026-05-01 08:05:38.441336,192.168.1.11,netflix.com,DNS
2026-05-01 08:05:39.204184,192.168.1.13,google.com,DNS
2026-05-01 08:05:39.334219,192.168.1.13,twitter.com,DNS
2026-05-01 08:05:39.720736,192.168.1.13,malicious-c2.xyz,DNS
2026-05-01 08:05:40.541184,192.168.1.12,netflix.com,HTTP
2026-05-01 08:05:41.302043,192.168.1.12,reddit.com,DNS
2026-05-01 08:05:41.908287,192.168.1.13,malicious-c2.xyz,HTTP
2026-05-01 08:05:42.118577,192.168.1.10,stackoverflow.com,DNS
2026-05-01 08:05:43.024706,192.168.1.15,twitter.com,DNS
2026-05-01 08:05:43.640774,192.168.1.15,malicious-c2.xyz,HTTP
2026-05-01 08:05:43.933068,192.168.1.11,amazon.com,DNS
2026-05-01 08:05:44.024541,192.168.1.14,update.windows.com,DNS
2026-05-01 08:05:44.236987,192.168.1.11,google.com,DNS
2026-05-01 08:05:44.334067,192.168.1.11,twitter.com,HTTP
2026-05-01 08:05:44.426240,192.168.1.12,twitter.com,DNS
2026-05-01 08:05:44.737627,192.168.1.12,google.com,DNS
2026-05-01 08:05:44.816215,192.168.1.11,instagram.com,DNS
2026-05-01 08:05:45.346882,192.168.1.13,google.com,DNS
2026-05-01 08:05:45.533127,192.168.1.12,reddit.com,DNS
2026-05-01 08:05:46.636797,192.168.1.12,apple.com,DNS
2026-05-01 08:05:46.733222,192.168.1.11,update.windows.com,HTTP
2026-05-01 08:05:47.049497,192.168.1.11,youtube.com,DNS
2026-05-01 08:05:48.513800,192.168.1.12,amazon.com,DNS
2026-05-01 08:05:48.729482,192.168.1.10,stackoverflow.com,DNS
2026-05-01 08:05:48.814271,192.168.1.12,facebook.com,HTTP
2026-05-01 08:05:49.330757,192.168.1.10,github.com,DNS
2026-05-01 08:05:49.924020,192.168.1.15,facebook.com,DNS
2026-05-01 08:05:50.710829,192.168.1.12,malicious-c2.xyz,DNS
2026-05-01 08:05:51.031833,192.168.1.11,twitter.com,DNS
2026-05-01 08:05:52.120541,192.168.1.15,netflix.com,DNS
2026-05-01 08:05:52.726815,192.168.1.10,cloudflare.com,DNS
2026-05-01 08:05:52.929608,192.168.1.14,facebook.com,HTTP
2026-05-01 08:05:53.019430,192.168.1.12,malicious-c2.xyz,DNS
2026-05-01 08:05:53.332102,192.168.1.14,cloudflare.com,HTTP
2026-05-01 08:05:53.823812,192.168.1.10,amazon.com,HTTP
2026-05-01 08:05:53.926674,192.168.1.15,apple.com,DNS
2026-05-01 08:05:55.148532,192.168.1.12,reddit.com,DNS
2026-05-01 08:05:55.338630,192.168.1.14,twitter.com,DNS
2026-05-01 08:05:55.515083,192.168.1.13,github.com,DNS
2026-05-01 08:05:55.710890,192.168.1.10,youtube.com,DNS
2026-05-01 08:05:55.820326,192.168.1.10,malicious-c2.xyz,DNS
2026-05-01 08:05:56.046712,192.168.1.10,netflix.com,DNS
2026-05-01 08:05:56.705562,192.168.1.13,google.com,HTTP
2026-05-01 08:05:56.948421,192.168.1.12,reddit.com,DNS
2026-05-01 08:05:57.106086,192.168.1.14,reddit.com,HTTP
2026-05-01 08:05:57.401597,192.168.1.11,stackoverflow.com,DNS
2026-05-01 08:05:57.926210,192.168.1.15,google.com,DNS
2026-05-01 08:05:58.411101,192.168.1.15,stackoverflow.com,DNS
2026-05-01 08:05:58.847891,192.168.1.13,cloudflare.com,DNS
2026-05-01 08:05:59.614788,192.168.1.11,stackoverflow.com,DNS
2026-05-01 08:05:59.726575,192.168.1.12,cloudflare.com,HTTP
2026-05-01 08:06:00.622131,192.168.1.11,update.windows.com,DNS
2026-05-01 08:06:01.048559,192.168.1.10,cloudflare.com,DNS
2026-05-01 08:06:01.700024,192.168.1.14,stackoverflow.com,DNS
2026-05-01 08:06:02.232405,192.168.1.13,google.com,DNS
2026-05-01 08:06:02.407794,192.168.1.15,instagram.com,DNS
2026-05-01 08:06:02.845581,192.168.1.13,github.com,DNS
2026-05-01 08:06:03.344119,192.168.1.15,reddit.com,DNS
2026-05-01 08:06:03.941523,192.168.1.14,facebook.com,HTTP
2026-05-01 08:06:04.143318,192.168.1.14,twitter.com,DNS
2026-05-01 08:06:04.236985,192.168.1.11,reddit.com,DNS
2026-05-01 08:06:04.732487,192.168.1.14,reddit.com,DNS
2026-05-01 08:06:05.225169,192.168.1.10,facebook.com,DNS
2026-05-01 08:06:05.446925,192.168.1.11,stackoverflow.com,DNS
2026-05-01 08:06:05.813078,192.168.1.12,cloudflare.com,HTTP
2026-05-01 08:06:05.903872,192.168.1.12,stackoverflow.com,HTTP
2026-05-01 08:06:06.027045,192.168.1.12,twitter.com,DNS
2026-05-01 08:06:07.133200,192.168.1.14,cloudflare.com,HTTP
2026-05-01 08:06:07.921500,192.168.1.12,reddit.com,DNS
2026-05-01 08:06:08.140190,192.168.1.11,instagram.com,DNS
2026-05-01 08:06:08.347507,192.168.1.15,reddit.com,HTTP
2026-05-01 08:06:09.438012,192.168.1.13,update.windows.com,HTTP
2026-05-01 08:06:09.929894,192.168.1.12,malicious-c2.xyz,DNS
2026-05-01 08:06:10.140910,192.168.1.10,stackoverflow.com,DNS
2026-05-01 08:06:10.340864,192.168.1.15,amazon.com,DNS
2026-05-01 08:06:11.208675,192.168.1.13,apple.com,DNS
2026-05-01 08:06:11.744706,192.168.1.11,cloudflare.com,DNS
2026-05-01 08:06:11.900418,192.168.1.10,github.com,DNS
2026-05-01 08:06:12.130320,192.168.1.10,update.windows.com,DNS
2026-05-01 08:06:12.427237,192.168.1.11,amazon.com,DNS
2026-05-01 08:06:13.305468,192.168.1.14,youtube.com,DNS
2026-05-01 08:06:13.849621,192.168.1.14,github.com,DNS
2026-05-01 08:06:14.715254,192.168.1.15,update.windows.com,DNS
2026-05-01 08:06:14.836018,192.168.1.15,malicious-c2.xyz,DNS
2026-05-01 08:06:14.910943,192.168.1.14,malicious-c2.xyz,DNS
2026-05-01 08:06:15.241606,192.168.1.11,instagram.com,DNS
2026-05-01 08:06:15.809854,192.168.1.14,update.windows.com,DNS
2026-05-01 08:06:16.438589,192.168.1.10,youtube.com,DNS
2026-05-01 08:06:16.613739,192.168.1.15,facebook.com,HTTP
2026-05-01 08:06:16.742025,192.168.1.11,reddit.com,DNS
2026-05-01 08:06:17.209324,192.168.1.15,google.com,DNS
2026-05-01 08:06:17.438053,192.168.1.11,reddit.com,DNS
2026-05-01 08:06:17.525558,192.168.1.12,google.com,DNS
2026-05-01 08:06:18.014020,192.168.1.11,apple.com,DNS
2026-05-01 08:06:18.142510,192.168.1.11,google.com,DNS
2026-05-01 08:06:18.220037,192.168.1.10,facebook.com,DNS
2026-05-01 08:06:18.305353,192.168.1.12,malicious-c2.xyz,HTTP
2026-05-01 08:06:18.409240,192.168.1.12,twitter.com,DNS
2026-05-01 08:06:18.612437,192.168.1.15,github.com,DNS
2026-05-01 08:06:18.820400,192.168.1.14,malicious-c2.xyz,DNS
2026-05-01 08:06:18.945162,192.168.1.15,reddit.com,DNS
2026-05-01 08:06:20.418083,192.168.1.11,github.com,DNS
2026-05-01 08:06:21.045666,192.168.1.12,update.windows.com,DNS
2026-05-01 08:06:21.200321,192.168.1.10,youtube.com,DNS
2026-05-01 08:06:21.331111,192.168.1.12,apple.com,DNS
2026-05-01 08:06:21.846998,192.168.1.13,apple.com,DNS
2026-05-01 08:06:22.220805,192.168.1.15,malicious-c2.xyz,DNS
2026-05-01 08:06:22.613915,192.168.1.13,github.com,DNS
2026-05-01 08:06:22.734505,192.168.1.11,malicious-c2.xyz,DNS
2026-05-01 08:06:22.903221,192.168.1.11,twitter.com,DNS
2026-05-01 08:06:23.101021,192.168.1.11,reddit.com,DNS
2026-05-01 08:06:23.929834,192.168.1.12,cloudflare.com,HTTP
2026-05-01 08:06:24.028698,192.168.1.14,github.com,DNS
2026-05-01 08:06:24.512134,192.168.1.14,stackoverflow.com,HTTP
2026-05-01 08:06:24.625176,192.168.1.15,netflix.com,DNS
2026-05-01 08:06:25.035333,192.168.1.12,instagram.com,HTTP
2026-05-01 08:06:25.803327,192.168.1.11,apple.com,HTTP
2026-05-01 08:06:26.104703,192.168.1.15,facebook.com,DNS
2026-05-01 08:06:26.915996,192.168.1.12,github.com,HTTP
2026-05-01 08:06:27.925387,192.168.1.10,stackoverflow.com,DNS
2026-05-01 08:06:29.943565,192.168.1.10,cloudflare.com,DNS
2026-05-01 08:06:30.133559,192.168.1.11,netflix.com,HTTP
2026-05-01 08:06:30.348342,192.168.1.10,instagram.com,DNS
2026-05-01 08:06:30.407371,192.168.1.14,apple.com,HTTP
2026-05-01 08:06:30.610782,192.168.1.11,google.com,DNS
2026-05-01 08:06:30.941910,192.168.1.12,reddit.com,DNS
2026-05-01 08:06:31.008653,192.168.1.13,cloudflare.com,HTTP
2026-05-01 08:06:31.134831,192.168.1.13,instagram.com,DNS
2026-05-01 08:06:31.439361,192.168.1.14,cloudflare.com,DNS
2026-05-01 08:06:31.919921,192.168.1.15,cloudflare.com,HTTP
2026-05-01 08:06:32.303507,192.168.1.15,netflix.com,DNS
2026-05-01 08:06:33.135916,192.168.1.14,malicious-c2.xyz,DNS
2026-05-01 08:06:34.209780,192.168.1.10,facebook.com,DNS
2026-05-01 08:06:34.331885,192.168.1.13,twitter.com,DNS
2026-05-01 08:06:34.905140,192.168.1.13,stackoverflow.com,DNS
2026-05-01 08:06:36.827825,192.168.1.12,stackoverflow.com,HTTP
2026-05-01 08:06:37.703703,192.168.1.14,twitter.com,DNS
2026-05-01 08:06:37.849615,192.168.1.13,facebook.com,DNS
2026-05-01 08:06:38.240444,192.168.1.15,stackoverflow.com,DNS
2026-05-01 08:06:38.902087,192.168.1.10,amazon.com,HTTP
2026-05-01 08:06:39.346881,192.168.1.13,twitter.com,DNS
2026-05-01 08:06:39.711201,192.168.1.10,reddit.com,DNS
2026-05-01 08:06:40.447746,192.168.1.14,apple.com,DNS
2026-05-01 08:06:40.931650,192.168.1.10,instagram.com,HTTP
2026-05-01 08:06:41.910300,192.168.1.15,netflix.com,DNS
2026-05-01 08:06:42.113606,192.168.1.15,twitter.com,DNS
2026-05-01 08:06:42.200937,192.168.1.13,twitter.com,DNS
2026-05-01 08:06:43.324299,192.168.1.12,apple.com,DNS
2026-05-01 08:06:45.419492,192.168.1.13,malicious-c2.xyz,DNS
2026-05-01 08:06:46.402897,192.168.1.13,github.com,HTTP
2026-05-01 08:06:46.808449,192.168.1.12,youtube.com,DNS
2026-05-01 08:06:47.033070,192.168.1.13,google.com,DNS
2026-05-01 08:06:47.231825,192.168.1.14,reddit.com,HTTP
2026-05-01 08:06:47.748263,192.168.1.12,instagram.com,DNS
2026-05-01 08:06:48.716904,192.168.1.13,cloudflare.com,DNS
2026-05-01 08:06:49.300241,192.168.1.13,youtube.com,DNS
2026-05-01 08:06:50.044845,192.168.1.13,apple.com,DNS
2026-05-01 08:06:50.340137,192.168.1.10,stackoverflow.com,DNS
2026-05-01 08:06:50.419610,192.168.1.13,youtube.com,HTTP
2026-05-01 08:06:50.800570,192.168.1.14,malicious-c2.xyz,HTTP
2026-05-01 08:06:50.903384,192.168.1.13,stackoverflow.com,HTTP
2026-05-01 08:06:51.302759,192.168.1.13,update.windows.com,HTTP
2026-05-01 08:06:51.511591,192.168.1.15,github.com,HTTP
2026-05-01 08:06:52.105822,192.168.1.14,apple.com,DNS
2026-05-01 08:06:52.631072,192.168.1.14,youtube.com,DNS
2026-05-01 08:06:52.841318,192.168.1.13,facebook.com,DNS
2026-05-01 08:06:53.910083,192.168.1.13,apple.com,DNS
2026-05-01 08:06:54.225008,192.168.1.14,reddit.com,DNS
2026-05-01 08:06:54.725276,192.168.1.12,apple.com,DNS
2026-05-01 08:06:55.107923,192.168.1.10,github.com,DNS
2026-05-01 08:06:55.208891,192.168.1.11,github.com,DNS
2026-05-01 08:06:56.011403,192.168.1.14,instagram.com,DNS
2026-05-01 08:06:56.202653,192.168.1.12,amazon.com,DNS
2026-05-01 08:06:56.419800,192.168.1.11,apple.com,DNS
2026-05-01 08:06:58.640199,192.168.1.13,twitter.com,HTTP
2026-05-01 08:07:00.346630,192.168.1.14,twitter.com,DNS
2026-05-01 08:07:01.733850,192.168.1.11,reddit.com,DNS
2026-05-01 08:07:02.615705,192.168.1.11,update.windows.com,HTTP
2026-05-01 08:07:02.734659,192.168.1.12,instagram.com,HTTP
2026-05-01 08:07:02.901868,192.168.1.13,google.com,DNS
2026-05-01 08:07:03.009223,192.168.1.11,update.windows.com,DNS
2026-05-01 08:07:03.138610,192.168.1.10,stackoverflow.com,HTTP
2026-05-01 08:07:03.439983,192.168.1.14,malicious-c2.xyz,DNS
2026-05-01 08:07:03.841880,192.168.1.13,twitter.com,DNS
2026-05-01 08:07:04.000320,192.168.1.10,youtube.com,HTTP
2026-05-01 08:07:04.141541,192.168.1.10,apple.com,DNS
2026-05-01 08:07:04.348441,192.168.1.15,malicious-c2.xyz,DNS
2026-05-01 08:07:04.507829,192.168.1.10,google.com,DNS
2026-05-01 08:07:04.622522,192.168.1.15,malicious-c2.xyz,DNS
2026-05-01 08:07:04.813134,192.168.1.12,youtube.com,DNS
2026-05-01 08:07:05.112347,192.168.1.11,netflix.com,HTTP
2026-05-01 08:07:05.417384,192.168.1.13,update.windows.com,DNS
2026-05-01 08:07:06.314331,192.168.1.13,netflix.com,HTTP
2026-05-01 08:07:06.835967,192.168.1.15,malicious-c2.xyz,DNS
2026-05-01 08:07:08.242304,192.168.1.10,instagram.com,DNS
2026-05-01 08:07:08.731406,192.168.1.12,malicious-c2.xyz,DNS
2026-05-01 08:07:09.003157,192.168.1.10,instagram.com,HTTP
2026-05-01 08:07:09.134514,192.168.1.15,amazon.com,DNS
2026-05-01 08:07:10.525436,192.168.1.11,amazon.com,DNS
2026-05-01 08:07:10.748509,192.168.1.14,apple.com,DNS
2026-05-01 08:07:10.913472,192.168.1.10,malicious-c2.xyz,HTTP
2026-05-01 08:07:11.010921,192.168.1.10,amazon.com,DNS
2026-05-01 08:07:12.004569,192.168.1.12,update.windows.com,DNS
2026-05-01 08:07:14.035206,192.168.1.11,instagram.com,DNS
2026-05-01 08:07:14.126576,192.168.1.14,amazon.com,DNS
2026-05-01 08:07:14.308905,192.168.1.14,cloudflare.com,HTTP
2026-05-01 08:07:14.516059,192.168.1.11,twitter.com,DNS
2026-05-01 08:07:14.639263,192.168.1.13,youtube.com,DNS
2026-05-01 08:07:14.945578,192.168.1.10,cloudflare.com,DNS
2026-05-01 08:07:15.010071,192.168.1.10,facebook.com,DNS
2026-05-01 08:07:15.405257,192.168.1.14,stackoverflow.com,DNS
2026-05-01 08:07:16.106772,192.168.1.10,cloudflare.com,DNS
2026-05-01 08:07:17.129082,192.168.1.11,netflix.com,HTTP
2026-05-01 08:07:17.309778,192.168.1.11,facebook.com,DNS
2026-05-01 08:07:17.513392,192.168.1.11,amazon.com,DNS
2026-05-01 08:07:18.521435,192.168.1.12,facebook.com,DNS
2026-05-01 08:07:19.018726,192.168.1.14,facebook.com,DNS
2026-05-01 08:07:19.600122,192.168.1.11,malicious-c2.xyz,DNS
2026-05-01 08:07:19.837430,192.168.1.10,facebook.com,HTTP
2026-05-01 08:07:20.020011,192.168.1.14,facebook.com,DNS
2026-05-01 08:07:20.235184,192.168.1.11,google.com,DNS
2026-05-01 08:07:20.444306,192.168.1.10,cloudflare.com,DNS
2026-05-01 08:07:20.845244,192.168.1.13,apple.com,HTTP
2026-05-01 08:07:21.035372,192.168.1.14,github.com,DNS
2026-05-01 08:07:21.103727,192.168.1.13,google.com,DNS
2026-05-01 08:07:21.239745,192.168.1.14,update.windows.com,DNS
2026-05-01 08:07:21.406677,192.168.1.11,youtube.com,DNS
2026-05-01 08:07:22.613452,192.168.1.15,reddit.com,DNS
2026-05-01 08:07:22.737408,192.168.1.13,amazon.com,HTTP
2026-05-01 08:07:23.430769,192.168.1.13,malicious-c2.xyz,HTTP
2026-05-01 08:07:25.031075,192.168.1.11,github.com,HTTP
2026-05-01 08:07:25.225636,192.168.1.14,reddit.com,HTTP
2026-05-01 08:07:25.345903,192.168.1.13,youtube.com,HTTP
2026-05-01 08:07:26.631129,192.168.1.10,youtube.com,HTTP
2026-05-01 08:07:27.008780,192.168.1.12,update.windows.com,DNS
2026-05-01 08:07:27.427257,192.168.1.14,netflix.com,HTTP
2026-05-01 08:07:27.507201,192.168.1.11,malicious-c2.xyz,DNS
2026-05-01 08:07:27.622442,192.168.1.13,amazon.com,DNS
2026-05-01 08:07:28.108511,192.168.1.15,facebook.com,DNS
2026-05-01 08:07:28.448553,192.168.1.13,youtube.com,DNS
2026-05-01 08:07:28.737306,192.168.1.12,netflix.com,DNS
2026-05-01 08:07:28.814171,192.168.1.11,cloudflare.com,DNS
2026-05-01 08:07:29.101589,192.168.1.14,cloudflare.com,HTTP
2026-05-01 08:07:29.412388,192.168.1.11,apple.com,DNS
2026-05-01 08:07:30.936839,192.168.1.11,youtube.com,HTTP
2026-05-01 08:07:31.304427,192.168.1.14,netflix.com,DNS
2026-05-01 08:07:31.427684,192.168.1.15,netflix.com,DNS
2026-05-01 08:07:31.844143,192.168.1.11,google.com,DNS
2026-05-01 08:07:33.420130,192.168.1.13,google.com,HTTP
2026-05-01 08:07:33.626146,192.168.1.11,google.com,DNS
2026-05-01 08:07:33.727972,192.168.1.10,youtube.com,DNS
2026-05-01 08:07:34.016753,192.168.1.14,malicious-c2.xyz,DNS
2026-05-01 08:07:34.427133,192.168.1.12,apple.com,DNS
2026-05-01 08:07:34.924039,192.168.1.11,twitter.com,HTTP
2026-05-01 08:07:37.435922,192.168.1.15,amazon.com,HTTP
2026-05-01 08:07:37.838693,192.168.1.12,update.windows.com,HTTP
2026-05-01 08:07:38.241790,192.168.1.13,github.com,DNS
2026-05-01 08:07:38.346618,192.168.1.13,apple.com,DNS
2026-05-01 08:07:38.748503,192.168.1.12,cloudflare.com,DNS
2026-05-01 08:07:39.128588,192.168.1.15,facebook.com,DNS
2026-05-01 08:07:39.438427,192.168.1.13,malicious-c2.xyz,DNS
2026-05-01 08:07:39.645952,192.168.1.11,github.com,DNS
2026-05-01 08:07:39.724936,192.168.1.15,stackoverflow.com,DNS
2026-05-01 08:07:40.315367,192.168.1.14,twitter.com,DNS
2026-05-01 08:07:40.837232,192.168.1.14,malicious-c2.xyz,HTTP
2026-05-01 08:07:41.238667,192.168.1.11,twitter.com,DNS
2026-05-01 08:07:41.309312,192.168.1.14,apple.com,DNS
2026-05-01 08:07:42.044682,192.168.1.15,stackoverflow.com,DNS
2026-05-01 08:07:42.511047,192.168.1.12,amazon.com,DNS
2026-05-01 08:07:43.107116,192.168.1.10,malicious-c2.xyz,DNS
2026-05-01 08:07:43.410295,192.168.1.12,amazon.com,DNS
2026-05-01 08:07:43.500361,192.168.1.15,stackoverflow.com,HTTP
2026-05-01 08:07:44.014254,192.168.1.13,cloudflare.com,DNS
2026-05-01 08:07:44.614632,192.168.1.10,amazon.com,DNS
2026-05-01 08:07:44.812747,192.168.1.13,netflix.com,HTTP
2026-05-01 08:07:45.019450,192.168.1.15,stackoverflow.com,DNS
2026-05-01 08:07:45.719444,192.168.1.13,youtube.com,DNS
2026-05-01 08:07:45.910597,192.168.1.12,instagram.com,DNS
2026-05-01 08:07:46.302120,192.168.1.13,youtube.com,DNS
2026-05-01 08:07:46.819238,192.168.1.12,github.com,DNS
2026-05-01 08:07:47.819971,192.168.1.12,netflix.com,DNS
2026-05-01 08:07:47.932483,192.168.1.10,update.windows.com,DNS
2026-05-01 08:07:48.708164,192.168.1.14,netflix.com,DNS
2026-05-01 08:07:48.820247,192.168.1.10,amazon.com,DNS
2026-05-01 08:07:48.941992,192.168.1.12,update.windows.com,HTTP
2026-05-01 08:07:49.722707,192.168.1.15,twitter.com,DNS
2026-05-01 08:07:50.324156,192.168.1.14,instagram.com,DNS
2026-05-01 08:07:50.925752,192.168.1.12,youtube.com,DNS
2026-05-01 08:07:51.840538,192.168.1.12,instagram.com,HTTP
2026-05-01 08:07:52.227677,192.168.1.10,github.com,DNS
2026-05-01 08:07:52.727772,192.168.1.12,cloudflare.com,DNS
2026-05-01 08:07:54.239878,192.168.1.13,malicious-c2.xyz,DNS
2026-05-01 08:07:54.713071,192.168.1.14,netflix.com,DNS
2026-05-01 08:07:54.832192,192.168.1.11,amazon.com,HTTP
2026-05-01 08:07:55.431296,192.168.1.15,update.windows.com,DNS
2026-05-01 08:07:55.546286,192.168.1.14,update.windows.com,DNS
2026-05-01 08:07:55.603663,192.168.1.15,twitter.com,DNS
2026-05-01 08:07:55.709671,192.168.1.11,apple.com,HTTP
2026-05-01 08:07:56.049921,192.168.1.13,netflix.com,DNS
2026-05-01 08:07:56.513077,192.168.1.15,netflix.com,HTTP
2026-05-01 08:07:56.640011,192.168.1.14,cloudflare.com,DNS
2026-05-01 08:07:56.819071,192.168.1.15,twitter.com,DNS
2026-05-01 08:07:56.948890,192.168.1.14,amazon.com,DNS
2026-05-01 08:07:57.021617,192.168.1.14,facebook.com,DNS
2026-05-01 08:07:57.813690,192.168.1.13,cloudflare.com,HTTP
2026-05-01 08:07:58.934831,192.168.1.14,instagram.com,DNS
2026-05-01 08:07:59.635436,192.168.1.14,twitter.com,DNS
2026-05-01 08:07:59.731414,192.168.1.14,google.com,DNS
2026-05-01 08:08:00.321636,192.168.1.11,cloudflare.com,DNS
2026-05-01 08:08:01.022068,192.168.1.13,amazon.com,DNS
2026-05-01 08:08:02.017631,192.168.1.11,facebook.com,DNS
2026-05-01 08:08:02.140216,192.168.1.10,reddit.com,HTTP
2026-05-01 08:08:02.539088,192.168.1.15,apple.com,DNS
2026-05-01 08:08:02.924301,192.168.1.12,twitter.com,DNS
2026-05-01 08:08:03.029344,192.168.1.15,github.com,HTTP
2026-05-01 08:08:03.313090,192.168.1.14,update.windows.com,DNS
2026-05-01 08:08:03.425625,192.168.1.14,apple.com,DNS
2026-05-01 08:08:04.230785,192.168.1.15,apple.com,HTTP
2026-05-01 08:08:04.327371,192.168.1.10,cloudflare.com,DNS
2026-05-01 08:08:04.924822,192.168.1.12,malicious-c2.xyz,DNS
2026-05-01 08:08:05.147911,192.168.1.12,twitter.com,DNS
2026-05-01 08:08:05.743517,192.168.1.11,google.com,DNS
2026-05-01 08:08:06.135381,192.168.1.10,malicious-c2.xyz,DNS
2026-05-01 08:08:06.437635,192.168.1.14,netflix.com,HTTP
2026-05-01 08:08:06.527184,192.168.1.13,update.windows.com,DNS
2026-05-01 08:08:06.742411,192.168.1.13,facebook.com,DNS
2026-05-01 08:08:07.533064,192.168.1.14,apple.com,DNS
2026-05-01 08:08:08.820442,192.168.1.10,malicious-c2.xyz,DNS
2026-05-01 08:08:09.516688,192.168.1.15,instagram.com,DNS
2026-05-01 08:08:09.604784,192.168.1.11,twitter.com,DNS
2026-05-01 08:08:09.731376,192.168.1.10,twitter.com,HTTP
2026-05-01 08:08:10.627493,192.168.1.11,google.com,DNS
2026-05-01 08:08:11.043544,192.168.1.12,stackoverflow.com,DNS
2026-05-01 08:08:11.107264,192.168.1.13,reddit.com,DNS
2026-05-01 08:08:12.143130,192.168.1.11,stackoverflow.com,DNS
2026-05-01 08:08:12.538723,192.168.1.15,google.com,HTTP
2026-05-01 08:08:12.841402,192.168.1.10,apple.com,DNS
2026-05-01 08:08:13.239382,192.168.1.14,facebook.com,DNS
2026-05-01 08:08:13.442216,192.168.1.14,stackoverflow.com,DNS
2026-05-01 08:08:13.915295,192.168.1.10,malicious-c2.xyz,DNS
2026-05-01 08:08:14.239854,192.168.1.10,instagram.com,HTTP
2026-05-01 08:08:14.536347,192.168.1.11,youtube.com,HTTP
2026-05-01 08:08:15.318696,192.168.1.10,instagram.com,HTTP
2026-05-01 08:08:15.614519,192.168.1.10,stackoverflow.com,DNS
2026-05-01 08:08:15.704135,192.168.1.12,facebook.com,DNS
2026-05-01 08:08:16.244997,192.168.1.14,reddit.com,DNS
2026-05-01 08:08:16.449591,192.168.1.11,update.windows.com,HTTP
2026-05-01 08:08:16.713301,192.168.1.13,apple.com,DNS
2026-05-01 08:08:17.239829,192.168.1.11,twitter.com,DNS
2026-05-01 08:08:18.513491,192.168.1.12,youtube.com,DNS
2026-05-01 08:08:19.245064,192.168.1.10,twitter.com,DNS
2026-05-01 08:08:19.307692,192.168.1.14,youtube.com,HTTP
2026-05-01 08:08:19.627188,192.168.1.14,instagram.com,DNS
2026-05-01 08:08:19.927987,192.168.1.15,twitter.com,HTTP
